first_name,last_name,art_type,url_artists_photo
Maria,Bobrova,Digital Art,https://images.unsplash.com/photo-1500648767791-00dcc994a43e?ixid=MnwxMjA3fDB8MHxzZWFyY2h8MXx8cG9ydHJhaXR8ZW58MHx8MHx8&ixlib=rb-1.2.1&w=400&q=80
Mike,Von,Photography,https://images.unsplash.com/photo-1571512599285-9ac4fdf3dba9?ixid=MnwxMjA3fDB8MHxzZWFyY2h8NDM1fHxwb3J0cmFpdHxlbnwwfHwwfHw%3D&ixlib=rb-1.2.1&w=400&q=80
Mika,Baumeister,Illustration,https://images.unsplash.com/photo-1519011985187-444d62641929?ixid=MnwxMjA3fDB8MHxzZWFyY2h8NDM5fHxwb3J0cmFpdHxlbnwwfHwwfHw%3D&ixlib=rb-1.2.1&w=400&q=80
Sean,Robertson,Digital Art,https://images.unsplash.com/photo-1510898626-825ce94c73aa?ixid=MnwxMjA3fDB8MHxzZWFyY2h8NDQxfHxwb3J0cmFpdHxlbnwwfHwwfHw%3D&ixlib=rb-1.2.1&w=400&q=80
Cody,Chan,Photography,https://images.unsplash.com/photo-1508967544022-b56cd5410ffd?ixid=MnwxMjA3fDB8MHxzZWFyY2h8NDQzfHxwb3J0cmFpdHxlbnwwfHwwfHw%3D&ixlib=rb-1.2.1&w=400&q=80
Gary,Butterfield,Illustration,https://images.unsplash.com/photo-1502768040783-423da5fd5fa0?ixid=MnwxMjA3fDB8MHxzZWFyY2h8NDQ3fHxwb3J0cmFpdHxlbnwwfHwwfHw%3D&ixlib=rb-1.2.1&w=400&q=80
Toni,Reed,Digital Art,https://images.unsplash.com/photo-1513112173661-7d94f576d0c9?ixid=MnwxMjA3fDB8MHxzZWFyY2h8NDUxfHxwb3J0cmFpdHxlbnwwfHwwfHw%3D&ixlib=rb-1.2.1&w=400&q=80
Pawel,Czerwinski,Photography,https://images.unsplash.com/photo-1515920152082-4e71934690cf?ixid=MnwxMjA3fDB8MHxzZWFyY2h8NDUyfHxwb3J0cmFpdHxlbnwwfHwwfHw%3D&ixlib=rb-1.2.1&w=400&q=80
Jon,Tyson,Illustration,https://images.unsplash.com/photo-1514488034139-5905ab173d22?ixid=MnwxMjA3fDB8MHxzZWFyY2h8NDU2fHxwb3J0cmFpdHxlbnwwfHwwfHw%3D&ixlib=rb-1.2.1&w=400&q=80
Sergio,Rodriguez,Digital Art,https://images.unsplash.com/photo-1517374096549-0b818e3de484?ixid=MnwxMjA3fDB8MHxzZWFyY2h8NDYwfHxwb3J0cmFpdHxlbnwwfHwwfHw%3D&ixlib=rb-1.2.1&w=400&q=80
Nick,Fewings,Digital Art,https://images.unsplash.com/photo-1514846226882-28b324ef7f28?ixid=MnwxMjA3fDB8MHxzZWFyY2h8NDY0fHxwb3J0cmFpdHxlbnwwfHwwfHw%3D&ixlib=rb-1.2.1&w=400&q=80
Chris,Barbalis,Photography,https://images.unsplash.com/photo-1595868228899-abc8fabb3447?ixid=MnwxMjA3fDB8MHxzZWFyY2h8NDY3fHxwb3J0cmFpdHxlbnwwfHwwfHw%3D&ixlib=rb-1.2.1&w=400&q=80
Jon,Tyson,Illustration,https://images.unsplash.com/photo-1585583931931-cf08fad02dd1?ixid=MnwxMjA3fDB8MHxzZWFyY2h8NDY5fHxwb3J0cmFpdHxlbnwwfHwwfHw%3D&ixlib=rb-1.2.1&w=400&q=80
Jennifer,Hamra,Digital Art,https://images.unsplash.com/photo-1513517178-1aca306e52a9?ixid=MnwxMjA3fDB8MHxzZWFyY2h8NDczfHxwb3J0cmFpdHxlbnwwfHwwfHw%3D&ixlib=rb-1.2.1&w=400&q=80
Stewart,Munro,Photography,https://images.unsplash.com/photo-1513792859704-f49baf5c0b70?ixid=MnwxMjA3fDB8MHxzZWFyY2h8NDc3fHxwb3J0cmFpdHxlbnwwfHwwfHw%3D&ixlib=rb-1.2.1&w=400&q=80
Hans,Eiskonen,Illustration,https://images.unsplash.com/photo-1618161581084-43f444e8fb47?ixid=MnwxMjA3fDB8MHxzZWFyY2h8NDc4fHxwb3J0cmFpdHxlbnwwfHwwfHw%3D&ixlib=rb-1.2.1&w=400&q=80
Samuel,Regan-Asante,Digital Art,https://images.unsplash.com/photo-1552374196-c4e7ffc6e126?ixid=MnwxMjA3fDB8MHxzZWFyY2h8Mnx8cG9ydHJhaXR8ZW58MHx8MHx8&ixlib=rb-1.2.1&w=400&q=80
Tom,Barrett,Photography,https://images.unsplash.com/photo-1515161079661-197513d8b51e?ixid=MnwxMjA3fDB8MHxzZWFyY2h8NDM3fHxwb3J0cmFpdHxlbnwwfHwwfHw%3D&ixlib=rb-1.2.1&w=400&q=80
Annie,Spratt,Illustration,https://images.unsplash.com/photo-1496951658395-5ea43dc50c3e?ixid=MnwxMjA3fDB8MHxzZWFyY2h8NDQwfHxwb3J0cmFpdHxlbnwwfHwwfHw%3D&ixlib=rb-1.2.1&w=400&q=80
Fred,Rivett,Digital Art,https://images.unsplash.com/photo-1567582173070-228d1cd84c72?ixid=MnwxMjA3fDB8MHxzZWFyY2h8NDQ1fHxwb3J0cmFpdHxlbnwwfHwwfHw%3D&ixlib=rb-1.2.1&w=400&q=80
Toni,Reed,Digital Art,https://images.unsplash.com/photo-1508184964240-ee96bb9677a7?ixid=MnwxMjA3fDB8MHxzZWFyY2h8NDQ2fHxwb3J0cmFpdHxlbnwwfHwwfHw%3D&ixlib=rb-1.2.1&w=400&q=80
Craig,Strahorn,Photography,https://images.unsplash.com/photo-1590264303037-2545b47ba236?ixid=MnwxMjA3fDB8MHxzZWFyY2h8NDUwfHxwb3J0cmFpdHxlbnwwfHwwfHw%3D&ixlib=rb-1.2.1&w=400&q=80
Jon,Tyson,Illustration,https://images.unsplash.com/photo-1540174401473-df5f1c06c716?ixid=MnwxMjA3fDB8MHxzZWFyY2h8NDUzfHxwb3J0cmFpdHxlbnwwfHwwfHw%3D&ixlib=rb-1.2.1&w=400&q=80
Jon,Tyson,Digital Art,https://images.unsplash.com/photo-1497327136663-ac130fe5bf10?ixid=MnwxMjA3fDB8MHxzZWFyY2h8NDU3fHxwb3J0cmFpdHxlbnwwfHwwfHw%3D&ixlib=rb-1.2.1&w=400&q=80
Pascal,Bernardon,Photography,https://images.unsplash.com/photo-1516651000622-7f32fe80a57a?ixid=MnwxMjA3fDB8MHxzZWFyY2h8NDU4fHxwb3J0cmFpdHxlbnwwfHwwfHw%3D&ixlib=rb-1.2.1&w=400&q=80
Max,Letek,Illustration,https://images.unsplash.com/photo-1606793420914-c1b0db107aeb?ixid=MnwxMjA3fDB8MHxzZWFyY2h8NDYxfHxwb3J0cmFpdHxlbnwwfHwwfHw%3D&ixlib=rb-1.2.1&w=400&q=80
Josh,Howard,Digital Art,https://images.unsplash.com/photo-1503104834685-7205e8607eb9?ixid=MnwxMjA3fDB8MHxzZWFyY2h8NDYzfHxwb3J0cmFpdHxlbnwwfHwwfHw%3D&ixlib=rb-1.2.1&w=400&q=80
Katie,Wasserman,Photography,https://images.unsplash.com/photo-1548543604-a87c9909abec?ixid=MnwxMjA3fDB8MHxzZWFyY2h8NDY2fHxwb3J0cmFpdHxlbnwwfHwwfHw%3D&ixlib=rb-1.2.1&w=400&q=80
Jon,Tyson,Illustration,https://images.unsplash.com/photo-1515138692129-197a2c608cfd?ixid=MnwxMjA3fDB8MHxzZWFyY2h8NDcwfHxwb3J0cmFpdHxlbnwwfHwwfHw%3D&ixlib=rb-1.2.1&w=400&q=80
Ronaldo,de Oliviera,Digital Art,https://images.unsplash.com/photo-1504568758572-1c648768a420?ixid=MnwxMjA3fDB8MHxzZWFyY2h8NDc0fHxwb3J0cmFpdHxlbnwwfHwwfHw%3D&ixlib=rb-1.2.1&w=400&q=80
Bekky,Bekks,Digital Art,https://images.unsplash.com/photo-1533734372-298b566254e2?ixid=MnwxMjA3fDB8MHxzZWFyY2h8NDc2fHxwb3J0cmFpdHxlbnwwfHwwfHw%3D&ixlib=rb-1.2.1&w=400&q=80
Bekky,Bekks,Photography,https://images.unsplash.com/photo-1507019778-966512024b86?ixid=MnwxMjA3fDB8MHxzZWFyY2h8NDgwfHxwb3J0cmFpdHxlbnwwfHwwfHw%3D&ixlib=rb-1.2.1&w=400&q=80
Lucas,Gallone,Illustration,https://images.unsplash.com/photo-1507003211169-0a1dd7228f2d?ixid=MnwxMjA3fDB8MHxzZWFyY2h8M3x8cG9ydHJhaXR8ZW58MHx8MHx8&ixlib=rb-1.2.1&w=400&q=80
Giulia,May,Digital Art,https://images.unsplash.com/photo-1527585743534-7113e3211270?ixid=MnwxMjA3fDB8MHxzZWFyY2h8NDMzfHxwb3J0cmFpdHxlbnwwfHwwfHw%3D&ixlib=rb-1.2.1&w=400&q=80
Samuel,Regan-Asante,Photography,https://images.unsplash.com/photo-1611671658871-4ed5fd7d82ed?ixid=MnwxMjA3fDB8MHxzZWFyY2h8NDM2fHxwb3J0cmFpdHxlbnwwfHwwfHw%3D&ixlib=rb-1.2.1&w=400&q=80
Pascal,Bernardon,Illustration,https://images.unsplash.com/photo-1494302377477-915db5a8e609?ixid=MnwxMjA3fDB8MHxzZWFyY2h8NDM4fHxwb3J0cmFpdHxlbnwwfHwwfHw%3D&ixlib=rb-1.2.1&w=400&q=80
Mike,Boo,Digital Art,https://images.unsplash.com/photo-1508876000213-a64c7910fa29?ixid=MnwxMjA3fDB8MHxzZWFyY2h8NDQyfHxwb3J0cmFpdHxlbnwwfHwwfHw%3D&ixlib=rb-1.2.1&w=400&q=80
Pascal,Bernardon,Photography,https://images.unsplash.com/photo-1519639481551-a806b0a37aac?ixid=MnwxMjA3fDB8MHxzZWFyY2h8NDQ0fHxwb3J0cmFpdHxlbnwwfHwwfHw%3D&ixlib=rb-1.2.1&w=400&q=80
Drew,Gilliam,Illustration,https://images.unsplash.com/photo-1521510186458-bbbda7aef46b?ixid=MnwxMjA3fDB8MHxzZWFyY2h8NDQ4fHxwb3J0cmFpdHxlbnwwfHwwfHw%3D&ixlib=rb-1.2.1&w=400&q=80
Renee,Fisher,Digital Art,https://images.unsplash.com/photo-1586615844384-a5144a789b2e?ixid=MnwxMjA3fDB8MHxzZWFyY2h8NDQ5fHxwb3J0cmFpdHxlbnwwfHwwfHw%3D&ixlib=rb-1.2.1&w=400&q=80
Chad,Greiter,Digital Art,https://images.unsplash.com/photo-1514960919797-5ff58c52e5ba?ixid=MnwxMjA3fDB8MHxzZWFyY2h8NDU0fHxwb3J0cmFpdHxlbnwwfHwwfHw%3D&ixlib=rb-1.2.1&w=400&q=80
Pawel,Czerwinski,Photography,https://images.unsplash.com/photo-1509783236416-c9ad59bae472?ixid=MnwxMjA3fDB8MHxzZWFyY2h8NDU1fHxwb3J0cmFpdHxlbnwwfHwwfHw%3D&ixlib=rb-1.2.1&w=400&q=80
Annie,Spratt,Illustration,https://images.unsplash.com/photo-1508870504324-7768c2509d8b?ixid=MnwxMjA3fDB8MHxzZWFyY2h8NDU5fHxwb3J0cmFpdHxlbnwwfHwwfHw%3D&ixlib=rb-1.2.1&w=400&q=80
Mika,Boo,Digital Art,https://images.unsplash.com/photo-1503443062224-9f77d743cf25?ixid=MnwxMjA3fDB8MHxzZWFyY2h8NDYyfHxwb3J0cmFpdHxlbnwwfHwwfHw%3D&ixlib=rb-1.2.1&w=400&q=80
Luis,Villasmil,Photography,https://images.unsplash.com/photo-1542534759-05f6c34a9e63?ixlib=rb-1.2.1&ixid=MnwxMjA3fDB8MHxzZWFyY2h8NDY1fHxwb3J0cmFpdHxlbnwwfHwwfHw%3D&w=400&q=80
Henry,Tennesse,Illustration,https://images.unsplash.com/photo-1554652297-6e7a24cf8fde?ixid=MnwxMjA3fDB8MHxzZWFyY2h8NDY4fHxwb3J0cmFpdHxlbnwwfHwwfHw%3D&ixlib=rb-1.2.1&w=400&q=80
Ben,Richardson,Digital Art,https://images.unsplash.com/photo-1606586145372-6fdbcd163f2c?ixid=MnwxMjA3fDB8MHxzZWFyY2h8NDcxfHxwb3J0cmFpdHxlbnwwfHwwfHw%3D&ixlib=rb-1.2.1&w=400&q=80
Antoine,Merour,Photography,https://images.unsplash.com/photo-1600783486575-992bde7d4660?ixid=MnwxMjA3fDB8MHxzZWFyY2h8NDcyfHxwb3J0cmFpdHxlbnwwfHwwfHw%3D&ixlib=rb-1.2.1&w=400&q=80
Maria,Bobrova,Illustration,https://images.unsplash.com/photo-1520785643438-5bf77931f493?ixid=MnwxMjA3fDB8MHxzZWFyY2h8NDc1fHxwb3J0cmFpdHxlbnwwfHwwfHw%3D&ixlib=rb-1.2.1&w=400&q=80
